{
    "MSE": 79.91124235606104,
    "MAE": 4.783115665792156
}