{
    "MSE": 79.84399727421554,
    "MAE": 4.854767887181464
}