{
    "MSE": 82.72944810159225,
    "MAE": 4.968482794367242
}