{
    "MSE": 142.69491939613962,
    "MAE": 6.726821172123778
}