{
    "MSE": 92.38684784471889,
    "MAE": 5.397196735353249
}