{
    "MSE": 81.98151821462199,
    "MAE": 4.941140743211303
}